attendance,internal_marks,assignments,backlogs,family_income,travel_distance,internet,participation,stress,dept,risk_score,dropout,student_name,student_id
68.5,58.6,3,0,low,5.6,yes,some,7,CS,47.5,0.0,Amith,CS345
95.7,46.8,10,1,medium,3.5,no,some,5,Civil,32.6,0.0,Rahul,CV5566
80.1,86.0,3,2,medium,11.7,yes,none,3,ECE,8.3,0.0,Sneha,EC7658
65.0,38.1,2,5,low,14.9,yes,none,2,ECE,98.7,1.0,Kiran,EC345
65.0,46.9,3,3,medium,4.5,yes,some,1,ECE,97.3,1.0,Priya,EC678
75.6,46.5,2,0,high,24.2,yes,none,6,EEE,23.7,0.0,Arjun,EE223
43.3,72.3,1,0,low,15.0,no,none,10,ECE,82.4,1.0,Divya,EC787
46.1,53.3,4,2,high,10.5,yes,none,2,IT,90.0,1.0,Ramesh,IT897
63.0,73.4,1,0,low,17.6,no,none,7,Civil,64.6,1.0,Aarav,CV8535
67.6,93.4,3,0,high,15.6,yes,none,4,ECE,6.7,0.0,Vivaan,EC2455
63.0,49.1,0,0,low,33.4,yes,some,2,ECE,95.3,1.0,Aditya,EC245
99.8,36.1,2,0,medium,19.8,yes,some,3,Mechanical,41.5,0.0,Vihaan,ME566
71.8,56.6,9,0,medium,10.6,yes,none,2,Mechanical,37.8,0.0,Sai,ME6677
56.1,99.3,8,0,high,72.1,yes,none,5,ECE,54.5,0.0,Krishna,EC6677
84.3,45.1,9,0,low,4.6,no,none,6,Mechanical,60.0,1.0,Ishaan,ME477
53.7,84.2,4,2,medium,26.9,yes,none,7,ECE,58.4,1.0,Tilak,EC789
75.1,84.8,10,0,medium,8.3,yes,none,3,EEE,19.1,0.0,Rohan,EE3458
42.6,49.1,5,0,low,15.7,no,active,4,Mechanical,87.0,1.0,Varun,ME6778
83.1,51.9,10,3,high,2.3,no,none,7,Mechanical,52.6,0.0,Nikhil,ME2455
74.6,54.7,7,2,low,8.8,no,none,6,ECE,76.7,1.0,Harsha,EC9987
70.3,48.7,5,2,low,12.4,no,none,7,IT,83.2,1.0,Akash,IT3244
67.5,41.8,3,1,medium,28.4,yes,some,1,ECE,65.0,1.0,Manoj,EC8776
49.8,47.6,1,2,medium,8.8,yes,some,3,CS,90.8,1.0,Tejas,CS7834
61.2,38.4,8,1,low,37.7,no,none,6,Mechanical,85.0,1.0,Abhishek,ME6779
65.1,58.5,0,0,low,8.7,yes,some,3,Civil,44.2,0.0,Suraj,CV7768
87.9,45.7,0,0,high,11.9,yes,some,7,Mechanical,34.4,0.0,Yash,ME3458
45.6,33.1,6,4,low,13.1,yes,none,3,EEE,100.0,1.0,Rashika,EE4566
76.9,63.3,0,1,medium,48.4,no,some,1,Civil,49.1,0.0,Tarun,CV666
66.2,71.3,8,2,medium,16.2,no,some,10,Civil,73.2,1.0,Keerthana,CV765
61.8,26.1,3,0,low,11.1,no,none,6,ECE,76.7,1.0,Pooja,EC777
81.2,64.0,2,1,medium,1.0,no,none,1,IT,32.2,0.0,Ananya,IT5566
87.5,77.6,0,0,medium,8.0,no,some,1,ECE,26.0,0.0,Samarth,EC556
86.0,38.6,9,0,high,5.3,no,none,8,Civil,55.7,1.0,Sanjana,CV7655
59.4,84.8,3,3,medium,20.7,yes,some,9,Civil,85.2,1.0,Nandini,CV455
67.4,64.7,8,1,medium,3.5,yes,some,2,IT,47.9,0.0,Aishwarya,IT445
77.0,46.7,9,0,medium,3.4,no,none,9,Mechanical,60.1,1.0,Bhavana,ME566
86.6,57.1,5,3,low,3.2,no,none,5,IT,69.2,1.0,Sanvi,IT4456
64.8,66.9,5,0,medium,2.0,yes,some,8,EEE,47.6,0.0,Deekshitha,EE6667
69.2,59.2,0,5,medium,5.6,yes,none,7,ECE,78.2,1.0,Ramya,EC677
55.4,66.6,9,0,low,32.6,yes,none,7,Mechanical,76.4,1.0,Brunda,ME6778
54.1,43.3,1,0,low,22.4,yes,some,4,ECE,79.6,1.0,Bindu,EC5677
84.2,60.7,10,0,low,19.9,no,none,2,IT,46.4,0.0,Bhuvi,IT45677
92.3,35.4,5,0,high,23.9,no,some,5,Mechanical,35.3,0.0,Lasya,ME2445
70.9,56.2,1,0,low,4.7,yes,none,3,IT,49.6,0.0,Lahari,IT3455
87.1,43.5,2,2,low,32.8,yes,some,9,EEE,76.0,1.0,Vedha,EE667
77.4,46.2,3,3,medium,2.2,yes,none,6,CS,61.7,1.0,Megha,CS566
62.3,77.8,10,3,medium,6.1,no,active,1,Civil,49.5,0.0,Raksha,CV7766
77.4,75.5,4,0,low,13.3,yes,some,3,Mechanical,20.8,0.0,Rakshitha,ME2348
95.5,52.9,10,0,medium,7.3,yes,none,6,Mechanical,21.9,0.0,Kavya,ME2347
32.7,77.4,8,2,medium,23.0,yes,some,4,Civil,54.8,0.0,Ankita,CV8765
84.3,60.3,10,1,low,10.2,yes,active,1,Civil,39.8,0.0,Sanidhya,CV6545
73.3,95.1,9,0,medium,3.0,yes,some,8,Mechanical,34.0,0.0,Darshan,ME5667
67.5,64.3,2,0,high,19.9,yes,none,2,Civil,46.4,0.0,Sahana,CV5556
73.4,61.1,7,6,low,4.4,yes,some,8,Civil,100.0,1.0,Nithya,CV3445
42.2,53.1,0,0,low,10.1,no,none,6,Mechanical,79.0,1.0,Padma,ME2445
68.7,60.1,10,1,medium,1.2,no,some,8,Civil,69.1,1.0,Neha,CV677
77.4,55.6,8,1,low,14.4,no,some,6,Civil,48.5,0.0,Sameeksha,CV9878
94.2,69.3,8,0,high,16.4,no,none,5,ECE,20.1,0.0,Ashlesh,EC988
64.2,73.3,9,0,low,7.1,yes,none,5,EEE,45.4,0.0,Rakshith,EE678
59.9,45.4,1,1,high,46.3,yes,active,10,ECE,93.5,1.0,Naveen,EC0975
50.0,56.4,10,2,high,5.1,yes,some,9,Mechanical,74.2,1.0,Madhuri,ME4556
76.4,72.7,1,0,low,13.9,no,none,1,Mechanical,34.7,0.0,Chaithra,ME6677
75.9,53.4,7,1,medium,1.0,yes,some,2,EEE,34.7,0.0,Pavithra,EE6777
72.1,62.3,10,0,high,1.5,no,some,1,Mechanical,44.0,0.0,Simran,ME3455
68.5,63.1,1,0,medium,1.0,yes,none,10,ECE,55.3,1.0,Shashi,EC777
50.8,47.3,2,0,high,10.4,no,active,3,Mechanical,68.6,1.0,Shishir,ME2455
65.7,73.9,9,2,high,13.8,no,some,5,Mechanical,47.4,0.0,Rohan,ME3456
66.9,55.2,0,1,medium,1.0,yes,active,1,IT,39.0,0.0,Sameer,IT2334
60.0,45.9,10,0,low,19.2,yes,some,4,Civil,80.8,1.0,Varun,CV0876
69.6,66.6,1,1,low,3.9,no,some,8,IT,50.2,0.0,Shravan,IT2344
78.1,43.6,6,1,medium,17.3,yes,none,6,ECE,56.4,1.0,Akhil,EC7640
100.0,58.5,9,0,high,60.2,no,some,1,Mechanical,38.3,0.0,Nikhil,ME2575
74.6,57.9,1,2,low,17.6,no,none,1,Civil,79.7,1.0,Nisha,CV9865
75.9,75.4,5,3,low,32.2,no,active,3,EEE,56.0,1.0,Nidhi,EE234
70.9,65.6,2,3,low,44.4,yes,active,10,EEE,82.5,1.0,Madhu,EE7887
43.2,57.6,3,2,high,10.0,yes,active,8,Mechanical,77.1,1.0,Disha,ME224
69.1,58.2,9,0,high,4.5,no,some,3,ECE,46.6,0.0,Suraksha,EC7654
76.5,37.0,5,5,medium,43.9,yes,some,4,Mechanical,73.5,1.0,Suchetha,ME2455
71.5,41.0,0,0,medium,19.4,no,some,9,EEE,73.4,1.0,Ravi,EE556
54.5,53.1,6,0,low,3.7,yes,some,4,CS,69.7,1.0,Giri,CS8877
89.1,48.2,7,4,medium,8.9,yes,none,3,EEE,72.9,1.0,Likith,EE4586
83.3,55.0,10,5,medium,23.9,no,none,5,Civil,74.8,1.0,Likitha,CV373
83.9,58.9,7,2,high,11.9,no,active,7,Civil,36.5,0.0,Pranav,CV4333
58.4,66.5,2,0,low,15.7,yes,some,5,CS,56.8,1.0,MIthun,CS1433
93.0,56.9,9,0,low,21.0,no,none,4,ECE,44.1,0.0,Raashi,EC754
51.0,65.8,0,1,low,14.6,yes,active,8,Mechanical,68.7,1.0,Vinay,ME2435
80.8,59.0,8,0,medium,11.7,yes,active,4,Mechanical,18.0,0.0,Shashank,ME243
100.0,26.4,5,0,high,20.8,yes,none,2,EEE,33.9,0.0,Sahil,EE3533
57.1,43.0,10,1,low,19.5,no,active,10,Civil,96.7,1.0,Suhas,CV464
63.5,55.7,8,5,medium,14.9,yes,active,6,ECE,81.1,1.0,Guru,EC453
73.5,38.6,6,0,medium,6.7,yes,active,2,ECE,48.0,0.0,Mokshitha,EC44
64.4,67.6,0,2,low,7.8,yes,active,3,ECE,50.8,0.0,Sharath,EC353
48.7,82.5,0,2,medium,52.8,no,some,1,EEE,74.0,1.0,Rishika,EE3422
73.0,77.5,5,0,low,1.8,yes,none,5,Mechanical,35.7,0.0,Gagan,ME343
95.2,52.6,7,2,low,2.7,yes,none,5,CS,51.8,0.0,Vinay,CS3355
60.3,48.2,10,0,high,4.9,yes,none,2,IT,46.0,0.0,Chetan,IT343
67.2,53.2,4,6,medium,1.0,no,none,8,ECE,100.0,1.0,Lokesh,EC355
84.2,51.8,1,0,high,18.4,yes,none,6,IT,34.1,0.0,Umesh,IT4334
53.5,60.7,9,1,low,4.1,no,active,4,Mechanical,79.0,1.0,Pradeep,ME434
75.4,60.6,10,1,low,7.4,yes,none,4,EEE,42.4,0.0,Archana,EE262
91.6,58.0,10,0,low,8.8,yes,some,2,ECE,40.6,0.0,Ishan,EC2233
47.9,65.0,5,0,low,33.3,yes,some,3,Civil,70.9,1.0,Agastya,CV3535
74.8,77.1,9,2,medium,7.9,no,none,7,Mechanical,58.8,1.0,Dhruv,ME5345
83.7,34.2,3,3,medium,11.1,yes,some,5,CS,61.5,1.0,Kanan,CS23425
53.4,17.1,1,1,low,49.4,yes,none,10,IT,100.0,1.0,Atharv,IT1424
52.2,72.9,10,2,medium,14.0,yes,none,6,EEE,61.6,1.0,Khari,EE4534
79.8,36.1,4,2,low,61.5,yes,none,6,IT,72.3,1.0,Amar,IT3545
61.8,66.7,10,3,high,5.1,yes,active,7,ECE,41.1,0.0,jai,EC5453
75.5,70.1,9,1,low,12.3,yes,some,7,CS,35.0,0.0,Aarna,CS7748
76.4,48.8,8,3,medium,4.9,yes,none,4,CS,64.1,1.0,Jiya,CS74744
61.3,16.5,3,1,high,6.4,yes,none,2,Civil,66.0,1.0,Reyansh,CV4234
100.0,49.3,5,0,high,38.5,yes,some,7,IT,41.0,0.0,Nila,IT32434
79.1,64.3,6,0,medium,3.5,yes,none,3,Civil,24.9,0.0,Ambar,CV2244
54.1,34.3,10,1,high,31.1,yes,none,1,EEE,79.1,1.0,Sahana,EE3535
81.8,60.9,5,1,low,1.0,yes,active,2,Civil,44.8,0.0,Tenzin,CV45454
57.4,57.8,7,3,high,1.4,yes,none,10,Civil,87.8,1.0,Ahana,CV543
83.8,67.3,3,0,low,28.9,yes,active,9,CS,32.5,0.0,Gayathri,CS435
86.5,77.1,2,0,low,3.5,yes,some,6,Mechanical,19.9,0.0,indi,ME5345
93.8,74.6,6,0,low,4.0,yes,some,1,IT,19.9,0.0,Kavi,IT2434
68.0,48.3,2,4,low,1.8,no,some,1,EEE,86.1,1.0,Ishani,EE3423
100.0,87.2,3,0,high,5.9,yes,none,1,Mechanical,22.1,0.0,Kushani,ME2342
79.2,48.3,4,2,low,10.4,yes,none,4,EEE,59.8,1.0,Anjali,EE2343
68.6,69.9,0,4,medium,1.0,no,some,7,ECE,77.7,1.0,Aditi,EC676
82.7,62.8,3,3,high,18.8,yes,none,2,IT,39.9,0.0,Ajay,IT45646
79.1,78.8,10,0,medium,14.6,yes,some,8,Mechanical,23.6,0.0,Rawnie,ME565
70.9,83.0,7,0,high,52.9,yes,active,7,IT,36.5,0.0,Tamia,IT5453
75.2,90.2,9,0,high,17.9,yes,none,4,ECE,11.1,0.0,Surya,EC5334
53.3,60.2,3,4,low,16.7,yes,active,7,Civil,99.4,1.0,Dhara,CV5352
74.3,42.5,6,4,low,5.7,yes,none,2,ECE,89.2,1.0,Dhanvi,EC374
72.9,77.2,4,0,high,9.9,no,none,1,CS,32.1,0.0,Forid,CS353
54.9,47.5,3,0,high,5.2,no,some,1,CS,72.7,1.0,Aja,CS4535
77.4,41.2,9,1,low,4.5,yes,some,3,CS,52.1,0.0,Vikram,CS34555
80.4,66.6,0,0,high,1.0,yes,active,7,EEE,15.1,0.0,Anil,EE6754
88.2,77.0,9,0,low,5.0,yes,none,9,Civil,34.9,0.0,Kimaya,CV3555
87.8,69.5,9,3,low,12.1,no,some,2,ECE,52.1,0.0,Madan,EC3555
51.3,73.9,6,4,low,1.0,yes,none,7,CS,93.9,1.0,Kashvi,CS4535
57.9,45.9,0,3,low,5.0,yes,none,1,Civil,96.3,1.0,Tulsi,CV2344
79.7,35.3,0,4,high,32.0,yes,active,2,IT,70.9,1.0,Mahika,IT54352
79.7,82.0,4,1,low,13.5,yes,none,6,Mechanical,36.3,0.0,Raj,ME35345
79.7,52.8,8,3,low,14.0,yes,some,5,ECE,59.2,1.0,Rani,EC53454
100.0,54.0,5,1,low,7.7,no,some,8,ECE,55.0,0.0,Jasleen,EC2344
47.8,44.6,5,1,high,1.0,yes,some,9,ECE,78.5,1.0,Harleen,EC4646
64.9,41.3,8,0,medium,7.1,no,some,7,IT,54.4,0.0,Mihir,IT4634
88.3,26.5,4,1,medium,39.0,yes,none,4,CS,56.2,1.0,Ashwin,CS2355
73.0,90.9,6,0,low,10.5,no,none,9,Mechanical,61.4,1.0,Vani,ME6566
55.8,40.3,3,1,high,16.3,yes,some,4,CS,81.0,1.0,Sohan,CS2434
61.3,54.5,6,3,low,36.6,yes,some,4,CS,78.6,1.0,Shwetha,CS4546
82.2,53.6,0,1,low,31.0,yes,some,9,ECE,66.2,1.0,Lasya,EC2624
61.0,62.9,6,2,low,10.5,yes,some,8,IT,73.9,1.0,Lavanya,IT45045
75.2,71.1,7,1,low,8.6,yes,none,4,CS,30.8,0.0,Charu,CS32792
72.7,71.8,4,2,medium,6.2,yes,some,8,EEE,45.0,0.0,Kalyani,EE2393
62.2,48.7,1,2,high,19.0,no,active,8,CS,80.4,1.0,Shaila,CS724
100.0,55.3,4,0,low,5.1,yes,some,7,Mechanical,31.5,0.0,Sudhir,ME6566
81.5,62.5,5,1,medium,4.3,yes,some,10,IT,52.5,0.0,Lata,IT3545
41.6,54.0,1,0,medium,6.6,yes,some,6,IT,56.2,1.0,Tarla,IT345
74.8,83.7,5,3,high,2.9,yes,some,8,CS,60.0,1.0,Kalpana,CS4535
62.1,65.9,5,1,low,17.8,no,some,7,IT,59.6,1.0,Kanchana,IT345
85.8,85.2,10,0,medium,9.7,yes,some,4,IT,20.6,0.0,Aadhira,IT535
100.0,61.9,6,0,high,4.5,no,some,8,EEE,35.9,0.0,Chandra,EE453
87.5,99.6,6,0,medium,25.6,yes,some,8,IT,21.9,0.0,Divya,IT5345
49.2,67.0,5,2,high,34.5,yes,none,5,Mechanical,74.2,1.0,Vidhya,ME345
64.7,29.8,2,2,low,22.8,no,none,6,Mechanical,97.0,1.0,Vindhya,ME543
91.0,70.1,5,3,low,3.3,yes,some,3,CS,43.4,0.0,Drishya,CS3545
61.4,64.1,7,5,low,1.4,yes,active,1,IT,84.6,1.0,Drishti,IT654
78.7,78.6,7,1,low,13.9,yes,some,9,IT,40.0,0.0,Srishti,IT35345
83.6,68.8,10,0,low,1.0,yes,some,9,EEE,39.1,0.0,Akhilesh,EE435
58.1,55.8,8,0,low,16.8,yes,active,3,Mechanical,53.0,0.0,Ranjith,ME5345
71.1,38.4,0,0,high,11.3,yes,none,4,Civil,44.9,0.0,Jeenu,CV565
30.0,54.7,0,4,low,16.3,yes,some,7,CS,100.0,1.0,Mayur,CS354
56.6,44.4,2,1,medium,13.4,yes,some,2,IT,72.8,1.0,Ruchika,IT75767
68.2,48.7,2,0,low,8.2,yes,some,3,ECE,62.0,1.0,Shylah,EC6577
53.3,67.4,9,1,high,3.4,yes,none,6,ECE,45.3,0.0,Shloka,EC444444
96.5,84.7,7,1,medium,5.5,yes,some,8,Civil,39.2,0.0,Ardra,CV34535
50.5,64.3,9,2,low,11.2,no,active,1,Mechanical,88.0,1.0,Jnaitra,ME6464
65.4,38.9,0,0,high,15.8,yes,none,4,Mechanical,53.0,0.0,Jnana,ME4546
74.0,65.1,1,5,medium,22.7,yes,some,1,Mechanical,66.0,1.0,Farhana,ME4353
93.6,77.1,1,1,high,21.9,yes,none,2,EEE,28.1,0.0,Kriti,EE5655
50.5,48.2,2,0,medium,54.0,no,active,8,ECE,99.9,1.0,Rashmika,EC453
89.4,55.9,5,4,medium,5.0,no,some,6,Mechanical,66.8,1.0,Shahidh,ME5435
72.2,58.2,0,0,high,1.1,yes,active,9,ECE,54.9,0.0,Salman,EC8685
57.3,45.4,1,4,medium,6.4,yes,none,2,Civil,93.4,1.0,Shahrukh,CV5466
78.9,68.4,0,6,low,20.4,yes,none,3,CS,67.9,1.0,Varun,CS45435
75.0,56.1,4,2,high,8.6,yes,none,9,EEE,57.1,1.0,Arun,EE5654
63.0,64.7,6,2,medium,25.5,yes,none,9,IT,74.2,1.0,Keerthan,IT3545
73.0,43.8,7,0,medium,12.0,no,none,6,Civil,65.9,1.0,Rajesh,CV564
66.2,51.0,9,5,low,39.8,yes,some,3,ECE,91.2,1.0,Lokesh,EC2434
73.7,69.6,0,1,medium,44.3,yes,none,5,Civil,52.0,0.0,Sundar,CV3423
81.9,52.0,6,2,high,1.1,yes,some,2,IT,39.2,0.0,Athmika,IT1233
95.8,85.6,4,4,low,9.1,yes,none,7,EEE,52.4,0.0,Jyothi,EE12321
76.2,33.6,0,4,high,13.8,no,some,3,Civil,60.6,1.0,Shrimathi,CV3244
62.7,78.2,6,2,medium,17.9,yes,some,7,Mechanical,51.5,0.0,Srihari,ME4353
68.9,49.2,4,0,low,1.4,yes,some,10,Civil,77.6,1.0,Latha,CV3242
64.6,98.9,0,1,low,10.3,no,some,1,ECE,49.1,0.0,Asha,EC6557
63.2,49.0,0,1,medium,4.6,yes,some,7,CS,68.9,1.0,Neha,CS675
63.6,49.2,8,0,low,13.2,yes,none,9,ECE,76.4,1.0,Chander,EC67767
83.2,44.9,5,1,medium,11.0,yes,none,2,EEE,49.8,0.0,Bhupi,EE345
81.2,57.9,8,0,low,2.4,yes,active,5,IT,29.9,0.0,Anila,IT4535
71.7,55.3,7,0,high,1.0,yes,some,1,EEE,31.8,0.0,Rikitha,EE354
73.8,50.7,7,5,high,19.6,no,none,4,Civil,93.0,1.0,Yanisha,CV4353
88.5,54.9,2,2,low,5.5,yes,none,5,EEE,46.0,0.0,Shalena,EE34545
84.4,46.5,5,1,medium,1.1,yes,active,5,Civil,44.9,0.0,Shalini,CV3543
84.2,28.1,8,1,low,40.5,yes,none,5,IT,72.0,1.0,Hema,IT45354
91.6,56.7,6,1,medium,7.5,no,active,3,Civil,38.4,0.0,Prasad,CV4354
72.3,56.1,2,1,low,23.6,yes,none,7,Civil,68.5,1.0,Lanika,CV34554
82.2,82.2,2,2,medium,4.9,yes,active,3,Civil,21.1,0.0,Drisana,CV3545
67.3,68.1,1,0,low,15.6,no,none,2,ECE,54.6,0.0,Pravin,EC65464
76.9,41.6,8,0,low,31.0,no,some,3,Mechanical,72.8,1.0,Tanika,ME56546
70.0,87.7,2,0,medium,1.0,yes,none,3,Mechanical,30.1,0.0,Angee,ME3244
73.5,77.5,10,0,high,26.6,yes,some,8,CS,35.1,0.0,Ajith,CS1313
80.9,67.3,4,1,high,12.7,no,active,4,Civil,18.2,0.0,Sanjay,CV231
59.7,54.4,8,0,low,14.0,yes,some,3,Mechanical,60.6,1.0,Adarsh,ME324
100.0,42.6,7,3,low,11.1,yes,some,10,CS,68.3,1.0,Yashwin,CS324
56.9,52.0,1,0,high,31.1,yes,none,5,ECE,63.0,1.0,Srujan,EC675
53.8,75.4,2,0,medium,1.0,yes,active,4,Civil,37.8,0.0,Saksha,CV234
89.4,88.2,1,2,low,4.5,yes,some,9,IT,40.9,0.0,Veena,IT453
73.1,63.2,3,1,low,7.7,no,some,7,CS,60.3,1.0,Raksha,CS6765
61.8,55.6,3,0,low,5.3,yes,active,1,IT,47.3,0.0,Vinita,IT3424
59.7,57.6,10,0,low,5.0,yes,active,5,ECE,65.4,1.0,Raaji,EC3424
75.7,86.4,9,0,low,9.9,yes,none,4,Civil,24.4,0.0,Anju,CV3244
75.7,84.6,2,3,medium,19.1,no,some,1,IT,52.3,0.0,Anjali,IT24324
64.4,50.7,2,1,medium,6.7,no,active,2,Civil,56.7,1.0,Kannan,CV455
64.9,48.4,2,3,low,14.1,yes,active,7,EEE,86.5,1.0,Alka,EE34324
75.5,65.5,5,1,medium,7.2,yes,some,10,IT,33.7,0.0,Ashni,IT6765
50.3,42.0,7,2,medium,5.4,yes,some,3,EEE,76.1,1.0,Sanjiv,EE23434
50.9,62.8,10,1,medium,1.0,yes,some,5,CS,60.8,1.0,Amrutha,CS5435
61.2,70.3,6,0,low,1.0,no,none,8,CS,59.8,1.0,Suman,CS5743
68.8,77.6,3,1,medium,3.9,no,none,8,ECE,53.4,0.0,Jayanthi,EC4144
76.7,56.4,10,1,low,7.8,yes,none,6,Mechanical,35.0,0.0,Adhiraj,ME1244
94.1,54.7,3,0,high,28.6,yes,none,5,EEE,32.3,0.0,Lakshman,EE231
84.9,44.0,10,0,low,24.0,yes,active,2,EEE,49.0,0.0,Anu,EE55454
71.7,54.4,10,4,low,4.2,no,some,1,EEE,87.3,1.0,Nishmitha,EE4446
57.0,63.9,10,1,medium,3.9,yes,some,2,Mechanical,68.6,1.0,Kripaksha,ME5444
71.7,72.6,10,0,medium,6.2,no,none,1,Civil,25.0,0.0,Vidhathri,CV464
67.7,45.1,1,0,low,10.3,yes,some,4,Civil,63.2,1.0,Devaki,CV4644
76.8,81.9,0,2,medium,8.7,no,active,4,Mechanical,25.9,0.0,Darsha,ME464
59.6,53.7,8,0,low,3.7,yes,none,5,EEE,68.5,1.0,Vimal,EE56565
79.8,57.7,1,6,medium,2.1,yes,none,5,EEE,69.6,1.0,Darshan,EE4444
95.0,46.0,7,0,medium,1.0,yes,some,8,EEE,49.2,0.0,Sudeep,EE856
70.4,19.2,8,1,medium,2.5,no,some,3,ECE,63.5,1.0,Dharma,EC2434
78.0,72.1,3,2,high,18.3,yes,some,6,IT,20.6,0.0,Harinder,IT324
82.4,69.8,7,3,medium,4.2,yes,some,3,Mechanical,32.7,0.0,Johar,ME3243
66.0,53.5,8,1,medium,9.5,yes,some,2,Mechanical,48.0,0.0,Karan,ME565
75.4,59.1,9,1,low,13.4,yes,none,8,Mechanical,57.1,1.0,Aujila,ME2444
72.2,66.3,9,6,medium,32.7,yes,none,1,Mechanical,77.1,1.0,Lekha,ME214
73.5,33.0,4,0,high,33.0,no,some,9,Mechanical,80.1,1.0,Hamsa,ME2321
60.4,49.5,6,4,low,20.5,yes,active,7,EEE,93.8,1.0,Yashasvi,EE2434
72.4,70.7,9,0,high,1.0,yes,active,10,ECE,38.8,0.0,Yashwanth,EC13444
79.5,37.9,3,3,low,12.8,yes,active,4,CS,62.5,1.0,ujala,CS1434
93.8,62.7,0,2,high,23.2,yes,some,3,EEE,37.9,0.0,Naresh,EE32434
86.4,36.3,2,0,low,1.0,yes,some,6,EEE,53.5,0.0,Tasveer,EE1232
100.0,65.5,4,3,high,12.0,yes,some,9,IT,35.9,0.0,Renuka,IT4534
60.5,57.4,2,0,medium,29.3,yes,active,9,CS,49.6,0.0,Arun,CS343
85.1,32.2,10,0,low,9.6,yes,none,4,Mechanical,49.9,0.0,Poornima,ME3444
74.8,76.6,6,1,low,1.0,no,some,10,CS,79.0,1.0,Sulochana,CS234
100.0,46.2,8,1,medium,1.0,yes,some,5,ECE,39.7,0.0,Tajia,EC2342
59.9,45.0,5,2,high,8.1,no,some,9,Civil,100.0,1.0,Sonu,CV3434
59.4,61.2,9,0,low,2.5,yes,none,2,EEE,76.0,1.0,Nayana,EE3243
63.0,76.4,0,0,low,16.4,yes,some,2,CS,41.5,0.0,Nisha,CS4566
77.1,60.8,3,4,low,2.3,yes,active,10,Mechanical,73.6,1.0,Mani,ME7878
100.0,52.1,9,3,high,21.7,yes,some,2,Civil,51.5,0.0,Suraj,CV4342
86.3,44.8,4,0,medium,23.4,yes,some,9,IT,49.9,0.0,Shanti,IT2434
63.3,59.4,4,1,low,15.3,yes,none,2,Civil,60.8,1.0,Ishara,CV454
65.0,41.8,7,4,medium,80.0,yes,active,4,ECE,85.5,1.0,Cyan,EC43IU
46.3,67.9,7,1,high,19.4,yes,active,7,EEE,56.5,1.0,Green,EEO4UO
92.3,90.9,10,1,low,1.8,yes,none,1,ECE,32.9,0.0,Bhuvi,EC838
70.3,58.3,8,0,medium,11.0,yes,some,1,Civil,40.6,0.0,Dinesh,CV4565
90.6,46.4,7,0,high,13.3,yes,active,6,Mechanical,34.1,0.0,Karthik,ME4566
48.1,55.1,10,3,high,2.9,no,some,4,EEE,82.6,1.0,Salena,EE2444
63.0,80.0,1,0,medium,49.4,no,none,3,EEE,51.4,0.0,Ahilya,EE3556
72.1,47.7,9,1,medium,2.9,no,some,5,EEE,67.0,1.0,Varadha,EE6576
65.2,50.3,0,1,high,37.0,no,none,10,IT,77.1,1.0,Bala,IT4657
81.3,42.7,9,0,high,9.4,yes,none,10,Civil,56.5,1.0,Sujay,CV1245
56.0,60.0,1,3,low,1.0,no,some,10,Mechanical,100.0,1.0,Aradhana,ME35546
69.9,84.0,1,3,medium,13.7,yes,none,3,CS,43.8,0.0,Bhavik,CS234
73.8,63.2,2,3,medium,13.8,yes,active,5,ECE,64.5,1.0,Josh,EC454
79.7,54.0,9,0,high,1.0,no,none,10,Mechanical,44.7,0.0,Jenika,ME45345
82.7,53.3,6,3,medium,53.9,no,none,5,EEE,63.7,1.0,Mahadev,EE3433
55.1,33.0,1,1,medium,11.8,yes,some,9,Mechanical,87.4,1.0,Pratham,ME23435
49.0,72.1,0,1,high,12.3,yes,none,10,Mechanical,62.3,1.0,Amulya,ME343
91.2,56.8,5,2,low,11.0,yes,some,4,ECE,48.1,0.0,Sushmitha,EC656
77.0,55.1,8,0,low,14.2,yes,none,1,IT,33.0,0.0,Kiran,IT545
60.8,100.0,2,0,medium,4.6,no,none,10,Civil,60.4,1.0,Adry,CV345
95.3,62.8,5,2,medium,5.1,yes,none,5,EEE,40.4,0.0,Harini,EE5454
73.7,46.0,2,0,low,10.7,yes,some,1,IT,59.1,1.0,Juhi,IT12243
89.7,51.2,0,1,low,24.7,yes,none,6,CS,45.4,0.0,Mahima,CS2435
73.0,76.4,4,1,medium,1.0,yes,some,10,EEE,52.3,0.0,Rukmini,EE13244
100.0,59.8,9,3,high,13.9,yes,some,10,Civil,55.9,1.0,Artha,CV6573
98.3,35.0,10,5,medium,24.7,no,some,7,CS,90.9,1.0,Sony,CS46467
68.3,72.7,3,4,medium,2.6,yes,some,1,ECE,51.9,0.0,Chella,EC45556
86.6,47.3,6,0,low,1.0,yes,some,10,IT,53.0,0.0,Abhay,IT43242
81.7,88.0,5,0,high,5.6,yes,active,4,EEE,10.1,0.0,Aakil,EE3243
92.5,75.3,9,1,high,13.3,yes,none,9,Mechanical,38.4,0.0,Anjay,ME4324
57.5,50.8,6,0,medium,2.2,no,none,1,Civil,58.9,1.0,Balraj,CV3244
82.3,78.5,4,0,low,8.3,yes,none,9,EEE,45.9,0.0,Nandan,EE3243
87.9,59.1,3,1,low,12.1,no,none,8,Mechanical,60.4,1.0,Vallabh,ME3244
45.6,71.6,6,1,low,13.7,yes,none,5,EEE,63.0,1.0,Keshav,EE3443
54.3,65.8,6,6,medium,4.8,yes,some,6,CS,87.0,1.0,Meena,CS3243
41.4,44.5,5,0,high,7.7,yes,some,7,Mechanical,61.1,1.0,Amoolya,ME3435
68.0,47.7,7,0,high,22.6,yes,active,4,Mechanical,53.9,0.0,Sevanthi,ME32434
82.8,74.5,3,0,medium,42.5,no,none,6,EEE,32.1,0.0,Harish,EE3545
94.5,52.6,9,4,high,29.7,yes,none,7,ECE,56.1,1.0,Durga,EC6754
73.1,51.5,4,2,high,12.5,yes,active,6,ECE,54.0,0.0,Lohitha,EC5355
96.4,42.7,3,3,low,7.9,yes,active,6,IT,58.6,1.0,Ruchi,IT3454
51.3,64.8,0,4,medium,6.1,yes,some,2,CS,74.4,1.0,Pooja,CS65757
46.4,91.0,7,1,high,2.0,no,some,5,ECE,52.9,0.0,Mamtha,EC5435
71.2,40.9,0,1,medium,1.7,yes,active,3,EEE,58.5,1.0,Mamitha,EE3545
77.8,58.4,4,0,high,17.5,yes,some,7,ECE,31.4,0.0,Keerthi,EC1233
71.5,80.6,5,1,high,4.5,no,none,4,IT,39.5,0.0,Radhika,IT3244
41.0,56.7,5,1,medium,4.4,yes,active,1,Civil,71.7,1.0,Ramya,CV323
70.7,65.2,4,1,high,80.0,yes,some,6,IT,41.9,0.0,Rakshitha,IT34343
52.4,41.0,2,4,medium,3.1,yes,none,6,Mechanical,99.8,1.0,Anu,ME677
82.0,64.9,4,6,medium,2.4,yes,some,7,Mechanical,68.0,1.0,Shreya,ME556
77.5,55.0,7,3,medium,1.6,no,some,8,ECE,61.6,1.0,Anu,EC3566
57.9,73.8,1,2,low,13.0,yes,active,3,ECE,68.1,1.0,Divya,EC6779
64.3,77.0,5,2,medium,14.8,yes,none,6,IT,55.0,1.0,Ravi,IT5566
56.1,99.4,8,0,medium,6.8,no,active,10,IT,56.6,1.0,Theju,IT8875
71.1,67.3,7,0,low,11.5,yes,some,2,EEE,36.8,0.0,Sakshi,EE3345
86.3,63.2,10,2,low,23.3,yes,some,9,CS,65.2,1.0,Avantika,CS1223
57.2,61.1,7,2,low,25.6,yes,none,2,EEE,86.9,1.0,Sourav,EE2345
79.6,52.3,7,0,medium,47.5,no,some,3,Mechanical,40.0,0.0,Piyush,ME8907
64.0,63.4,6,4,high,26.1,yes,active,10,EEE,81.7,1.0,Kunali,EE4568
60.1,53.3,7,0,high,12.5,yes,none,2,IT,33.0,0.0,Sameer,IT89655
70.4,60.7,5,0,medium,3.0,yes,none,9,EEE,61.8,1.0,Sonu,EE2455
56.5,79.1,1,2,high,1.6,yes,some,1,Civil,58.0,1.0,Sahil,CV8965
63.7,41.9,1,0,medium,1.0,no,active,5,CS,50.3,0.0,Raveena,CS12445
54.0,76.2,7,0,medium,16.5,yes,none,1,IT,45.6,0.0,Rekha,IT8954
100.0,79.1,10,0,medium,24.7,yes,some,5,ECE,12.8,0.0,Varun,EC6677
72.5,56.1,0,2,low,10.7,yes,some,8,EEE,74.4,1.0,Namratha,EE6778
61.5,24.1,5,1,high,1.0,yes,none,8,IT,59.6,1.0,Nidhi,IT0832
75.2,48.3,5,2,medium,11.5,no,some,8,ECE,65.3,1.0,Bhavya,EC235
70.3,78.8,10,1,medium,41.2,yes,none,2,ECE,50.3,0.0,Nithya,EC7534
68.7,57.6,3,0,medium,13.7,no,active,8,Mechanical,52.7,0.0,Shashank,ME2456
81.2,42.0,10,6,medium,24.9,yes,some,5,Mechanical,84.3,1.0,Shashwath,ME6743
83.4,49.9,10,0,low,24.2,yes,some,1,IT,44.7,0.0,Sunil,IT8755
64.0,71.4,9,5,medium,40.4,yes,none,7,IT,85.0,1.0,Anil,IT8753
63.4,66.7,2,1,low,22.1,yes,none,6,Civil,51.9,0.0,Rakesh,CV9843
47.9,43.5,2,2,high,7.4,no,none,2,ECE,92.3,1.0,Raksh,EC9065
75.1,63.2,5,2,medium,1.7,yes,some,10,EEE,46.8,0.0,Reva,EE23348
60.7,39.1,5,3,low,16.7,no,none,8,Mechanical,100.0,1.0,Revathi,ME5664
50.7,77.0,7,0,medium,5.1,yes,none,2,IT,46.3,0.0,Shravya,IT7433
62.3,50.6,1,2,low,13.2,yes,some,3,Civil,64.1,1.0,Shreya,CV2455
55.8,61.2,0,5,low,13.4,yes,none,9,EEE,100.0,1.0,Anusuya,EE5643
97.3,62.5,3,2,high,19.1,no,active,2,IT,46.6,0.0,Anusha,IT8634
85.2,53.9,6,1,medium,20.5,no,some,6,Mechanical,47.0,0.0,Anushka,ME24561
71.9,67.4,10,2,low,10.8,yes,none,4,Civil,50.9,0.0,Alka,CV24554
59.1,36.5,2,0,medium,5.6,yes,none,10,IT,85.9,1.0,Rani,IT8765
94.8,60.0,4,0,low,10.6,yes,none,9,Civil,50.9,0.0,Raja,CV1345
80.1,89.0,4,3,high,7.7,yes,some,9,IT,45.3,0.0,Kiran,IT84334
56.4,42.0,9,0,medium,29.0,yes,active,10,Civil,83.4,1.0,Shwetha,CV6744
69.1,47.2,2,2,medium,8.5,yes,some,4,Civil,60.2,1.0,Sathish,CV8765
58.9,66.2,8,1,high,7.3,yes,some,1,IT,42.6,0.0,Suresh,IT8754430
51.3,60.9,3,1,medium,17.6,no,active,2,Civil,75.8,1.0,Ramesh,CV98644
85.9,63.6,2,0,low,13.8,yes,none,8,EEE,42.6,0.0,Aanya,EE23448
100.0,65.8,10,0,medium,1.7,no,active,10,Mechanical,34.7,0.0,Aarav,ME1673
51.0,68.2,1,5,medium,10.6,yes,some,8,Civil,82.6,1.0,Abhishek B,CV28537
80.4,75.8,9,4,high,19.9,yes,none,2,EEE,45.7,0.0,Aditi R,EE9034
62.2,64.6,10,2,medium,72.6,yes,active,4,Civil,57.7,1.0,Aditya,CV6433
64.7,54.1,8,1,low,14.9,yes,none,1,EEE,63.2,1.0,Adhvaith,EE85330
68.4,23.2,6,6,low,18.8,yes,active,5,IT,100.0,1.0,Adhvith,IT2466
58.4,71.6,4,0,medium,5.7,yes,some,6,IT,48.6,0.0,Ahana,IT96443
63.3,49.4,10,2,high,5.5,no,active,6,EEE,69.7,1.0,Gahana,EE7744
83.3,56.6,4,1,medium,2.5,yes,none,10,Civil,47.5,0.0,Ajay,CV0975
79.5,63.3,2,1,medium,4.6,yes,none,8,IT,47.7,0.0,Monika,IT975434
57.3,61.0,4,0,high,8.4,yes,some,6,IT,52.3,0.0,Niharika,IT96654
73.5,69.4,1,1,low,19.8,yes,some,6,Civil,55.5,1.0,Akash,CV9458
83.3,51.0,3,1,low,6.1,yes,none,4,EEE,34.1,0.0,Akshay,EE74844
80.6,67.8,3,1,low,3.0,no,some,7,CS,41.9,0.0,Avijith,CS874773
60.6,43.0,5,4,high,10.0,yes,none,3,Civil,76.5,1.0,abijith,CV25266
44.9,75.4,8,0,high,18.3,no,active,8,CS,64.9,1.0,Alok,CS7288
47.6,49.4,10,0,low,1.0,no,active,1,IT,83.0,1.0,Ameya,IT8633
72.7,70.9,10,2,medium,1.0,yes,some,1,CS,43.8,0.0,Amith,CS5758
75.9,63.9,1,0,low,1.2,no,active,6,EEE,45.2,0.0,Ananya S,EE8565
72.7,32.1,10,0,high,9.9,yes,some,6,EEE,51.0,0.0,Aniruddh,EE46743
59.1,41.1,4,2,low,16.2,yes,active,9,Civil,100.0,1.0,Anjali,CV6575
66.2,40.9,4,0,high,10.7,yes,active,3,CS,53.4,0.0,Ansh,CS45646
87.1,73.2,6,2,medium,9.7,yes,some,3,Civil,20.2,0.0,Anushka,CV5757
63.3,85.4,8,1,medium,27.0,yes,some,2,ECE,37.0,0.0,Arjun,EC4646
84.5,56.3,10,0,high,21.2,yes,some,4,Civil,27.1,0.0,Avani,CV67575
55.1,55.3,8,1,medium,9.9,yes,some,10,EEE,77.7,1.0,Ayush,EE466
79.9,59.1,8,0,high,1.8,no,some,3,ECE,26.9,0.0,Bhavana,EC56557
89.5,47.5,5,0,high,6.6,no,some,5,ECE,50.5,0.0,Bhuvan,EC6545654
75.8,28.7,5,0,low,4.8,yes,some,5,Civil,40.9,0.0,Bhavish,CV4644
77.1,66.2,1,0,high,24.2,yes,active,7,IT,21.1,0.0,Manish,IT7654
65.8,80.0,0,0,low,7.1,yes,none,5,IT,34.4,0.0,Chetan,IT4567
64.7,55.8,1,0,medium,35.0,yes,none,7,Civil,57.8,1.0,Bhagath,CV4575
65.5,73.2,3,1,low,1.1,yes,none,9,ECE,64.9,1.0,Darsh,EC5754
77.9,83.8,1,0,medium,1.0,no,some,5,Civil,10.6,0.0,Devika,CV7657
66.7,66.8,9,0,low,28.5,no,active,8,Mechanical,61.5,1.0,Dhruv Singhania,ME2556
72.3,58.7,1,2,medium,31.5,yes,some,8,ECE,72.5,1.0,Esha,EC56456
97.1,85.1,4,3,medium,12.0,yes,none,8,Mechanical,49.0,0.0,Gaurav,ME75454
76.9,48.0,0,2,medium,16.0,yes,active,8,Mechanical,58.0,1.0,Sourav J,ME7547
68.7,61.1,5,0,high,7.2,yes,active,1,ECE,29.7,0.0,Gautham,EC5757
84.4,46.1,1,0,medium,5.0,no,none,6,EEE,49.1,0.0,Gayathri,EE456
89.2,46.9,7,1,medium,2.6,yes,some,2,Mechanical,40.7,0.0,Saniya,ME3636
77.1,35.5,7,1,low,1.0,no,none,2,IT,57.9,1.0,Sanvi,IT56567
65.8,56.7,10,1,low,8.9,yes,none,7,Civil,59.9,1.0,Samruddi,CV65575
81.5,33.9,5,1,low,1.0,yes,some,6,Mechanical,53.7,0.0,Shreshta,ME5765
100.0,70.2,3,0,low,12.6,yes,none,2,IT,24.2,0.0,Shreyas,IT7754
74.7,59.3,7,3,low,7.2,yes,some,8,CS,88.8,1.0,Devdutt,CS7867
75.7,34.7,7,0,low,21.2,yes,some,9,CS,67.3,1.0,Virat,CS5464
65.1,53.1,9,2,medium,5.5,no,none,7,CS,74.1,1.0,Romario,CS8755
59.3,46.0,0,2,medium,13.5,yes,some,4,CS,86.8,1.0,Jithesh,CS5757
84.5,63.1,3,2,low,11.6,yes,active,1,EEE,40.0,0.0,Daniel,EE5665
73.1,28.0,6,0,medium,1.1,yes,none,4,Mechanical,49.5,0.0,Danish,ME7676
68.0,52.9,4,0,low,23.5,yes,some,7,Civil,59.3,1.0,Phil,CV85575
57.3,45.3,6,0,high,4.2,yes,some,4,EEE,63.3,1.0,David,EE4577
65.3,75.2,7,0,low,35.8,yes,none,6,ECE,48.9,0.0,Dinesh,EC6754
77.7,58.3,8,1,low,1.5,no,active,3,CS,48.4,0.0,Karthik,CS7657
83.4,88.4,2,2,high,9.5,yes,none,7,Mechanical,28.8,0.0,Bhuvi,ME366
85.0,46.7,3,3,medium,15.4,yes,some,3,ECE,65.4,1.0,Suyesh,EC67555
92.3,33.8,4,4,medium,8.0,no,some,4,EEE,68.8,1.0,Venkatesh,EE4567
78.2,29.1,9,3,low,5.2,yes,none,10,IT,82.2,1.0,Rasikh,IT9865
100.0,32.7,0,0,low,7.1,yes,some,5,IT,49.0,0.0,Rashidh,IT07655
60.4,62.3,6,2,medium,10.7,yes,none,9,Mechanical,63.7,1.0,Shubhman,ME56456
53.3,66.1,8,0,low,5.8,yes,none,6,Civil,57.1,1.0,Siraj,CV8965
45.3,32.7,7,0,medium,52.1,yes,some,4,CS,78.8,1.0,Sachin,CS5455
94.4,72.3,4,2,high,40.6,no,some,7,Mechanical,55.3,1.0,Mahendra,ME7667
81.8,50.3,3,0,high,30.7,no,none,2,Civil,41.0,0.0,Chris,CV3545
71.2,60.3,6,0,low,8.2,yes,none,4,CS,53.4,0.0,Vaibhav,CS7654
76.2,83.8,4,0,medium,17.6,yes,active,5,ECE,18.7,0.0,Sooryavanshi,EC68768
55.1,72.3,6,0,medium,35.0,no,active,4,IT,52.6,0.0,Girish,IT547
100.0,53.7,0,4,high,28.5,yes,none,4,Civil,54.6,0.0,Harini,CV7686
75.4,42.2,1,4,medium,15.4,yes,none,8,IT,79.4,1.0,Harish,IT7897
60.1,55.9,1,0,high,28.4,yes,some,7,IT,44.3,0.0,Harshini,IT79676
79.1,59.2,6,1,medium,5.2,no,some,10,CS,46.9,0.0,Ira,CS8067
100.0,54.4,9,2,low,2.7,no,some,4,CS,52.4,0.0,Ishan,CS7757
92.2,47.6,1,4,medium,7.1,yes,some,7,Mechanical,78.0,1.0,Kishan,ME57676
95.9,60.7,10,2,low,6.5,yes,active,10,Mechanical,61.6,1.0,Keerthan,ME4636
64.3,65.1,3,3,high,2.1,yes,none,6,Civil,50.9,0.0,Keerthana S,CV5757
94.9,61.7,4,0,medium,9.6,no,none,9,EEE,44.8,0.0,Rama,EE3644
69.6,73.3,3,0,high,31.5,yes,active,8,EEE,34.0,0.0,Ramya J,EE3636
65.6,62.6,2,0,low,1.0,yes,active,9,Civil,60.2,1.0,Surya,CV5454
56.8,48.2,4,0,low,24.5,yes,some,9,CS,94.7,1.0,Sanjay,CS46644
47.2,63.8,8,5,high,6.9,yes,none,6,EEE,84.5,1.0,Kiran,EE35345
84.3,39.7,7,1,low,28.9,yes,none,2,IT,59.3,1.0,Samrat,IT38984
73.1,59.7,7,2,medium,24.3,yes,some,7,ECE,61.3,1.0,Vedha,EC47534
52.7,57.5,7,2,medium,6.4,yes,some,3,IT,69.3,1.0,Dhananjay,IT3473
52.6,54.7,7,1,low,17.8,yes,none,7,CS,77.4,1.0,Ruchika,CS45435
67.0,55.9,6,0,low,2.6,yes,some,9,CS,66.3,1.0,Nishchay,CS453
67.9,41.6,9,0,low,25.8,yes,some,6,Civil,64.1,1.0,Abhishek,CV4353
31.5,78.3,6,1,medium,4.0,yes,none,9,Mechanical,63.8,1.0,Jahnavi,ME44164
71.2,44.1,0,4,medium,16.2,yes,none,9,Civil,97.6,1.0,Varsha,CV12154
68.5,73.5,3,3,low,7.5,no,active,5,Civil,72.1,1.0,Vimshathi,CV1194
82.4,64.8,3,3,high,6.9,yes,none,5,Mechanical,47.7,0.0,Unnathi,ME4521
72.9,47.3,5,2,medium,16.9,no,some,3,ECE,70.7,1.0,Jayesh,EC2324
72.2,80.3,7,0,medium,4.3,no,none,7,Civil,48.2,0.0,Madan,CV5644
75.0,62.6,6,4,low,2.7,no,none,8,Civil,100.0,1.0,Kabir,CV5444
69.8,62.2,5,0,low,14.0,no,none,1,Civil,65.1,1.0,Karan,CV47347
63.4,55.9,1,3,low,18.5,no,none,7,ECE,90.1,1.0,Kavya,EC3433
63.8,71.0,6,0,low,1.0,yes,active,3,EEE,40.8,0.0,Ketan,EE7343
71.5,70.7,10,1,medium,1.0,yes,some,2,CS,32.4,0.0,Kiran,CS87347
63.8,30.0,4,1,medium,34.9,yes,some,2,IT,72.0,1.0,Kriti,IT82722
61.3,78.9,5,1,high,1.1,no,none,8,IT,53.3,0.0,Kunal,IT37337
40.9,54.6,0,3,medium,7.7,yes,none,6,Civil,82.1,1.0,Krunal,CV3743
78.7,57.8,6,3,low,1.0,no,none,10,IT,69.4,1.0,Lakshmi,IT2832
66.6,66.7,0,6,medium,40.5,yes,active,3,CS,75.2,1.0,Madhavan,CS9093
89.4,58.1,8,1,low,1.2,yes,none,4,Mechanical,52.0,0.0,Manish,ME26864
55.8,51.0,7,0,medium,17.5,yes,some,1,Mechanical,68.1,1.0,Meera,ME9492
81.2,56.2,3,2,medium,23.1,yes,some,4,EEE,51.2,0.0,Manoj,EE8398
80.9,56.6,9,2,low,23.8,yes,none,5,Mechanical,53.0,0.0,Mayank,ME732
67.4,52.1,10,2,medium,2.2,yes,none,3,Mechanical,47.1,0.0,Mohit,ME37333
85.9,67.0,8,5,low,5.4,yes,none,6,ECE,63.0,1.0,Mukund,EC3483
97.4,60.3,8,3,high,8.6,no,some,8,ECE,58.1,1.0,Nandini,EC3439
75.2,85.7,7,6,medium,15.1,yes,some,5,Mechanical,54.6,0.0,Nikhil,ME3733
70.5,93.7,0,4,low,9.0,yes,none,9,Mechanical,77.1,1.0,Nisha,ME7348
63.8,68.2,0,4,high,6.2,yes,some,7,Civil,61.4,1.0,Nitin,CV38439
78.0,66.0,4,1,low,7.4,yes,some,5,CS,28.8,0.0,Ojas,CS46477
71.4,29.2,5,1,high,4.2,yes,none,8,Mechanical,73.9,1.0,Pallavi,ME4643
88.5,49.3,2,2,medium,38.8,no,active,7,Mechanical,73.5,1.0,Parth,ME0338
73.7,45.4,8,4,low,11.1,yes,none,9,EEE,100.0,1.0,Manya,EE93847
74.3,48.1,9,0,medium,1.0,no,some,10,Civil,73.9,1.0,Manvi,CV3843
77.2,53.4,4,2,low,4.5,yes,some,10,Civil,57.5,1.0,Manasvi,CV4838
63.9,75.6,2,2,high,7.8,yes,none,8,IT,44.9,0.0,Pranav,IT39487
60.3,89.3,2,3,medium,9.2,no,none,6,ECE,54.2,0.0,Prisha,EC37365
74.9,38.3,5,0,medium,5.3,no,some,6,Mechanical,59.8,1.0,Piyush,ME9376
57.3,65.9,1,5,medium,1.0,no,none,4,IT,86.5,1.0,Preethi,IT27736
78.1,50.6,5,1,low,13.4,yes,none,5,IT,45.6,0.0,Prema,IT3327
46.5,56.3,5,6,low,11.1,no,none,2,EEE,100.0,1.0,Priya,EE35535
87.4,100.0,7,4,high,5.0,yes,some,3,EEE,31.0,0.0,Kavya,EE93737
79.1,34.0,6,0,high,1.0,no,some,3,ECE,37.0,0.0,Rahul,EC73777
75.8,62.1,7,0,low,78.3,yes,some,5,Mechanical,40.1,0.0,Rishi,ME7377
86.7,65.5,8,0,medium,9.9,yes,none,5,Civil,8.1,0.0,Rashika,CV3463
81.3,57.7,10,0,low,9.8,yes,none,1,CS,39.8,0.0,Rohan,CS9837
48.4,51.8,9,3,medium,2.8,no,none,2,EEE,92.4,1.0,Rohith,EE3454
61.1,76.0,10,2,low,20.9,yes,some,4,Civil,57.2,1.0,Hardik,CV5626
68.3,73.2,6,2,medium,36.4,yes,active,8,ECE,57.7,1.0,Natasha,EC4848
70.9,45.6,4,3,low,12.1,yes,none,3,EEE,76.5,1.0,Maheika,EE5411
81.3,64.5,0,2,medium,11.2,yes,none,10,Mechanical,55.6,1.0,Riya,ME4556
70.9,47.7,1,2,high,9.6,yes,none,10,EEE,82.1,1.0,Rithish,EE67344
47.1,64.9,10,4,medium,12.7,yes,active,6,ECE,92.9,1.0,Rithesh,EC875
78.4,70.8,4,0,low,1.0,yes,none,2,ECE,26.6,0.0,Sai,EC23455
75.1,70.1,4,0,medium,14.7,no,none,8,ECE,31.9,0.0,Sameer,EC6544
76.1,77.0,6,2,low,14.8,yes,none,4,CS,38.7,0.0,Sanjay,CS0865
52.8,69.3,0,0,low,33.3,no,some,5,IT,69.6,1.0,Sanjana,IT9533
71.4,57.6,3,1,medium,5.5,yes,none,6,CS,54.3,0.0,Santhosh,CS3344
82.2,43.9,8,2,high,16.0,no,some,4,CS,58.0,1.0,Shravan,CS8965
72.4,55.4,3,2,medium,4.1,no,none,1,EEE,65.3,1.0,Shreya,EE2334
72.4,46.1,9,3,medium,4.9,yes,none,7,Mechanical,84.2,1.0,Sneha,ME2323
86.1,47.2,4,3,low,25.8,no,active,8,ECE,76.1,1.0,Siddarth,EC8959
68.8,29.7,4,2,medium,21.3,no,some,5,IT,84.5,1.0,Vaishnavi,IT09876
71.3,46.9,2,6,high,24.9,yes,some,4,Mechanical,90.8,1.0,Soham,ME2567
82.1,51.5,5,0,medium,32.7,yes,none,9,EEE,42.3,0.0,Pragya,EE87599
55.2,49.6,7,2,low,4.6,yes,active,8,Civil,84.7,1.0,Punith,CV6673
77.7,60.4,8,3,high,3.8,yes,none,4,Mechanical,38.1,0.0,Prajna,ME2345
74.5,44.8,0,4,low,9.4,yes,none,4,ECE,91.4,1.0,Tanvi,EC8865
79.4,75.9,2,2,medium,4.6,no,none,2,Civil,46.0,0.0,Sumit,CV6779
93.3,36.5,2,1,medium,21.4,yes,none,7,CS,52.7,0.0,Srinivas,CS2556
63.4,44.9,6,2,low,8.2,yes,none,10,ECE,90.3,1.0,Tarun,EC65344
64.2,67.9,9,3,medium,12.4,yes,active,10,IT,65.4,1.0,Tejas,IT0854
75.4,77.3,0,2,high,1.1,yes,active,6,IT,10.4,0.0,Uday,IT08765
71.8,55.8,8,1,high,21.7,yes,some,2,CS,45.8,0.0,Utkarsh,CS9065
89.8,50.8,3,2,medium,5.0,yes,none,6,Mechanical,38.3,0.0,Varun,ME6743
100.0,58.0,6,0,low,32.8,yes,active,9,IT,53.6,0.0,Vedika,IT90544
64.0,67.6,2,1,low,6.9,yes,none,3,Civil,42.8,0.0,Vijay,CV9908
64.7,34.9,9,3,medium,2.3,yes,active,9,Mechanical,78.7,1.0,Vikram,ME2356
87.7,21.3,2,0,high,17.9,yes,active,2,CS,32.6,0.0,Vivek,CS12344
82.2,49.2,7,0,high,2.7,no,some,5,ECE,33.7,0.0,Yashaswini,EC2234
99.7,38.5,7,5,medium,21.0,yes,active,2,EEE,71.6,1.0,Ramya,EE3422
69.5,68.7,5,1,medium,5.8,yes,some,10,ECE,45.2,0.0,Udhbavi,EC7192
74.2,40.9,10,2,medium,8.7,no,some,10,ECE,87.2,1.0,Niharika,EC7753
90.1,33.1,8,1,medium,26.9,yes,active,10,ECE,52.3,0.0,Shravan,EC7884
59.7,71.1,7,1,medium,39.8,no,some,10,EEE,80.0,1.0,Navya,EE7788
74.8,42.1,4,0,low,2.0,yes,some,8,Civil,70.6,1.0,Shravya,CV6777
65.3,17.0,2,1,high,2.0,yes,some,7,ECE,54.8,0.0,Athmika,EC7737
74.9,54.9,9,5,low,2.4,yes,some,3,IT,80.4,1.0,Nainika,IT56477
88.1,96.6,10,2,medium,1.0,no,some,4,IT,43.8,0.0,Abhishek,IT89088
56.6,70.6,0,1,low,1.1,no,some,7,CS,77.5,1.0,Dhruv,CS1234
74.0,57.7,2,4,medium,16.2,yes,none,8,Mechanical,86.2,1.0,Ankitha,ME2348
61.5,53.8,8,1,high,8.5,yes,some,7,ECE,48.8,0.0,Sanika,EC77348
89.9,58.4,4,1,low,21.6,no,some,6,IT,4.7,0.0,Lohitha,IT7733
49.2,66.8,9,2,low,73.6,yes,some,9,Mechanical,95.0,1.0,Sangeetha,ME6222
63.6,39.1,1,2,low,16.1,yes,none,9,Mechanical,99.3,1.0,Ruhani,ME7377
77.7,75.8,6,0,medium,1.0,yes,some,7,CS,4.0,0.0,Rashmi,CS7824
78.9,52.9,9,0,medium,8.7,no,none,3,CS,3.8,0.0,Reva,CS3557
90.0,100.0,10,0,medium,0.0,yes,active,1,CS,2.7,0.0,Devika,CS5525
90.0,95.0,10,0,high,0.0,yes,active,1,EEE,2.0,0.0,John,EE4558
67.0,65.0,9,1,high,2.0,yes,some,4,Civil,21.0,0.0,Ansh,CV15626
90.0,80.0,10,0,medium,1.0,yes,active,3,CS,0.7,0.0,Bhoomika,CS4456
